{
	"m_Manufacturer": "contextflow",
	"m_GraphicsQualifiers": [
		{
			"Item1": {
				"m_comment": "For lung findings, use Extents as graphics qualifier code",
				"m_code": "39607008",
				"m_codingSystem": "SCT",
				"m_codeDescription": "Lung structure"
			},
			"Item2": {
				"m_code": "255590007",
				"m_codingSystem": "SCT",
				"m_codeDescription": "Extent"
			}
		}
	],
	"m_ItemPatterns": [
		{
			"m_source": {
				"_comment": "replace IBSI volume measurement code with standard",
				"m_propertyCode": "YEKZ",
				"m_propertyCodingSystem": "IBSI",
				"m_propertyQualifiers": []
			},
			"m_target": {
				"m_propertyCode": "118565006",
				"m_propertyCodingSystem": "SCT",
				"m_propertyDescription": "Volume",
				"m_propertyQualifiers": []
			}
		}
	]
}