{
    "m_Manufacturer": "Merge Healthcare Inc.",
    "m_GraphicsQualifiers": [
        {
            "Item1": {
                "m_comment": "For lung findings, use Extent as graphics qualifier code",
                "m_code": "39607008",
                "m_codingSystem": "SCT",
                "m_codeDescription": "Lung structure"
            },
            "Item2": {
                "m_code": "255590007",
                "m_codingSystem": "SCT",
                "m_codeDescription": "Extent"
            }
        }
    ],
    "m_ItemPatterns": [
        {
            "m_source": {
                "_comment": "Imaging Finding (legacy code)",
                "m_propertyCode": "365853002",
                "m_propertyCodingSystem": "SCT",
                "m_propertyQualifiers": []
            },
            "m_target": {
                "m_propertyCode": "111065",
                "m_propertyCodingSystem": "DCM",
                "m_propertyDescription": "Summary of Analyses",
                "m_propertyQualifiers": []
            }
        }
    ]
}