{
   "m_Manufacturer": "Riverain Technologies",
   "m_GraphicsQualifiers": [
      {
         "Item1": {
            "m_comment": "For lung findings, use Extent as graphics qualifier code",
            "m_code": "39607008",
            "m_codingSystem": "SCT",
            "m_codeDescription": "Lung structure"
         },
         "Item2": {
            "m_code": "255590007",
            "m_codingSystem": "SCT",
            "m_codeDescription": "Extent"
         }
      }
   ],
   "m_ItemPatterns": [
      {
         "m_source": {
            "_comment1": "======== RIVERAIN SOFTWARE VERSION 2021 =========",
            "_comment": "Remove Finding Site=Lung code as it is replaced as part of lobe codes below",
            "m_propertyCode": "363698007",
            "m_propertyCodingSystem": "SCT",
            "m_valueCode": "39607008",
            "m_valueCodingSystem": "SCT",
            "m_propertyQualifiers": []
         },
         "m_target": {
         }
      },
      {
         "m_source": {
            "_comment": "lobe of lung=Upper lobe of right lung",
            "m_propertyCode": "31094006",
            "m_propertyCodingSystem": "SCT",
            "m_valueCode": "42400003",
            "m_valueCodingSystem": "SCT",
            "m_propertyQualifiers": []
         },
         "m_target": {
            "m_propertyCode": "363698007",
            "m_propertyCodingSystem": "SCT",
            "m_propertyDescription": "Finding site",
            "m_valueCode": "39607008",
            "m_valueCodingSystem": "SCT",
            "m_valueDescription": "Lung structure",
            "m_propertyQualifiers": [
               {
                  "m_concept": {
                     "m_code": "106233006",
                     "m_codingSystem": "SCT",
                     "m_codeDescription": "Topographical modifier"
                  },
                  "m_value": {
                     "m_code": "45653009",
                     "m_codingSystem": "SCT",
                     "m_codeDescription": "Upper lobe of lung"
                  }
               },
               {
                  "m_concept": {
                     "m_code": "272741003",
                     "m_codingSystem": "SCT",
                     "m_codeDescription": "Laterality"
                  },
                  "m_value": {
                     "m_code": "24028007",
                     "m_codingSystem": "SCT",
                     "m_codeDescription": "Right"
                  }
               }
            ]
         }
      },
      {
         "m_source": {
            "_comment": "lobe of lung=Upper lobe of left lung",
            "m_propertyCode": "31094006",
            "m_propertyCodingSystem": "SCT",
            "m_valueCode": "44714003",
            "m_valueCodingSystem": "SCT",
            "m_propertyQualifiers": []
         },
         "m_target": {
            "m_propertyCode": "363698007",
            "m_propertyCodingSystem": "SCT",
            "m_propertyDescription": "Finding site",
            "m_valueCode": "39607008",
            "m_valueCodingSystem": "SCT",
            "m_valueDescription": "Lung structure",
            "m_propertyQualifiers": [
               {
                  "m_concept": {
                     "m_code": "106233006",
                     "m_codingSystem": "SCT",
                     "m_codeDescription": "Topographical modifier"
                  },
                  "m_value": {
                     "m_code": "45653009",
                     "m_codingSystem": "SCT",
                     "m_codeDescription": "Upper lobe of lung"
                  }
               },
               {
                  "m_concept": {
                     "m_code": "272741003",
                     "m_codingSystem": "SCT",
                     "m_codeDescription": "Laterality"
                  },
                  "m_value": {
                     "m_code": "7771000",
                     "m_codingSystem": "SCT",
                     "m_codeDescription": "Left"
                  }
               }
            ]
         }
      },
      {
         "m_source": {
            "_comment": "lobe of lung=Middle lobe of right lung",
            "m_propertyCode": "31094006",
            "m_propertyCodingSystem": "SCT",
            "m_valueCode": "72481006",
            "m_valueCodingSystem": "SCT",
            "m_propertyQualifiers": []
         },
         "m_target": {
            "m_propertyCode": "363698007",
            "m_propertyCodingSystem": "SCT",
            "m_propertyDescription": "Finding site",
            "m_valueCode": "39607008",
            "m_valueCodingSystem": "SCT",
            "m_valueDescription": "Lung structure",
            "m_propertyQualifiers": [
               {
                  "m_concept": {
                     "m_code": "106233006",
                     "m_codingSystem": "SCT",
                     "m_codeDescription": "Topographical modifier"
                  },
                  "m_value": {
                     "m_code": "72481006",
                     "m_codingSystem": "SCT",
                     "m_codeDescription": "Middle lobe of right lung"
                  }
               }
            ]
         }
      },
      {
         "m_source": {
            "_comment": "lobe of lung=Lower lobe of right lung",
            "m_propertyCode": "31094006",
            "m_propertyCodingSystem": "SCT",
            "m_valueCode": "266005",
            "m_valueCodingSystem": "SCT",
            "m_propertyQualifiers": []
         },
         "m_target": {
            "m_propertyCode": "363698007",
            "m_propertyCodingSystem": "SCT",
            "m_propertyDescription": "Finding site",
            "m_valueCode": "39607008",
            "m_valueCodingSystem": "SCT",
            "m_valueDescription": "Lung structure",
            "m_propertyQualifiers": [
               {
                  "m_concept": {
                     "m_code": "106233006",
                     "m_codingSystem": "SCT",
                     "m_codeDescription": "Topographical modifier"
                  },
                  "m_value": {
                     "m_code": "90572001",
                     "m_codingSystem": "SCT",
                     "m_codeDescription": "Lower lobe of lung"
                  }
               },
               {
                  "m_concept": {
                     "m_code": "272741003",
                     "m_codingSystem": "SCT",
                     "m_codeDescription": "Laterality"
                  },
                  "m_value": {
                     "m_code": "24028007",
                     "m_codingSystem": "SCT",
                     "m_codeDescription": "Right"
                  }
               }
            ]
         }

      },
      {
         "m_source": {
            "_comment": "lobe of lung=Lower lobe of left lung",
            "m_propertyCode": "31094006",
            "m_propertyCodingSystem": "SCT",
            "m_valueCode": "41224006",
            "m_valueCodingSystem": "SCT",
            "m_propertyQualifiers": []
         },
         "m_target": {
            "m_propertyCode": "363698007",
            "m_propertyCodingSystem": "SCT",
            "m_propertyDescription": "Finding site",
            "m_valueCode": "39607008",
            "m_valueCodingSystem": "SCT",
            "m_valueDescription": "Lung structure",
            "m_propertyQualifiers": [
               {
                  "m_concept": {
                     "m_code": "106233006",
                     "m_codingSystem": "SCT",
                     "m_codeDescription": "Topographical modifier"
                  },
                  "m_value": {
                     "m_code": "90572001",
                     "m_codingSystem": "SCT",
                     "m_codeDescription": "Lower lobe of lung"
                  }
               },
               {
                  "m_concept": {
                     "m_code": "272741003",
                     "m_codingSystem": "SCT",
                     "m_codeDescription": "Laterality"
                  },
                  "m_value": {
                     "m_code": "7771000",
                     "m_codingSystem": "SCT",
                     "m_codeDescription": "Left"
                  }
               }
            ]
         }
      },
      {
         "m_source": {
            "_comment": "replace Radlex volume with SNOMEDCT volume code",
            "m_propertyCode": "RID28668",
            "m_propertyCodingSystem": "RADLEX",
            "m_propertyQualifiers": []
         },
         "m_target": {
            "m_propertyCode": "118565006",
            "m_propertyCodingSystem": "SCT",
            "m_propertyDescription": "Volume",
            "m_propertyQualifiers": []
         }
      },
      {
         "m_source": {
            "_comment": "code for SolidComponentVolume",
            "m_propertyCode": "99002",
            "m_propertyCodingSystem": "99RMGSR",
            "m_propertyQualifiers": []
         },
         "m_target": {
            "m_propertyCode": "118565006",
            "m_propertyCodingSystem": "SCT",
            "m_propertyDescription": "Volume",
            "m_propertyQualifiers": [
               {
                  "m_concept": {
                     "m_code": "255590007",
                     "m_codingSystem": "SCT",
                     "m_codeDescription": "Extent"
                  },
                  "m_value": {
                     "m_code": "RID50154",
                     "m_codingSystem": "RADLEX",
                     "m_codeDescription": "Solid component of part-solid pulmonary nodule"
                  }
               }
            ]
         }
      },
      {
         "m_source": {
            "_comment": "code for SolidComponent Min Diameter",
            "m_propertyCode": "99008",
            "m_propertyCodingSystem": "99RMGSR",
            "m_propertyQualifiers": []
         },
         "m_target": {
            "m_propertyCode": "103340004",
            "m_propertyCodingSystem": "SCT",
            "m_propertyDescription": "Short axis",
            "m_propertyQualifiers": [
               {
                  "m_concept": {
                     "m_code": "255590007",
                     "m_codingSystem": "SCT",
                     "m_codeDescription": "Extent"
                  },
                  "m_value": {
                     "m_code": "RID50154",
                     "m_codingSystem": "RADLEX",
                     "m_codeDescription": "Solid component of part-solid pulmonary nodule"
                  }
               }
            ]
         }
      },
      {
         "m_source": {
            "_comment": "code for Short Axis ",
            "m_propertyCode": "103340004",
            "m_propertyCodingSystem": "SCT",
            "m_propertyQualifiers": []
         },
         "m_target": {
            "m_propertyCode": "103340004",
            "m_propertyCodingSystem": "SCT",
            "m_propertyDescription": "Short axis",
            "m_propertyQualifiers": [
               {
                  "m_concept": {
                     "m_code": "255590007",
                     "m_codingSystem": "SCT",
                     "m_codeDescription": "Extent"
                  },
                  "m_value": {
                     "m_code": "255619001",
                     "m_codingSystem": "SCT",
                     "m_codeDescription": "Total"
                  }
               }
            ]
         }
      },
      {
         "m_source": {
            "_comment": "code for SolidComponent Max Diameter",
            "m_propertyCode": "99009",
            "m_propertyCodingSystem": "99RMGSR",
            "m_propertyQualifiers": []
         },
         "m_target": {
            "m_propertyCode": "103339001",
            "m_propertyCodingSystem": "SCT",
            "m_propertyDescription": "Long axis",
            "m_propertyQualifiers": [
               {
                  "m_concept": {
                     "m_code": "255590007",
                     "m_codingSystem": "SCT",
                     "m_codeDescription": "Extent"
                  },
                  "m_value": {
                     "m_code": "RID50154",
                     "m_codingSystem": "RADLEX",
                     "m_codeDescription": "Solid component of part-solid pulmonary nodule"
                  }
               }
            ]
         }
      },
      {
         "m_source": {
            "_comment": "code for long axis",
            "m_propertyCode": "103339001",
            "m_propertyCodingSystem": "SCT",
            "m_propertyQualifiers": []
         },
         "m_target": {
            "m_propertyCode": "103339001",
            "m_propertyCodingSystem": "SCT",
            "m_propertyDescription": "Long axis",
            "m_propertyQualifiers": [
               {
                  "m_concept": {
                     "m_code": "255590007",
                     "m_codingSystem": "SCT",
                     "m_codeDescription": "Extent"
                  },
                  "m_value": {
                     "m_code": "255619001",
                     "m_codingSystem": "SCT",
                     "m_codeDescription": "Total"
                  }
               }
            ]
         }
      },
      {
         "m_source": {
            "_comment": "average diameter",
            "m_propertyCode": "RID50155",
            "m_propertyCodingSystem": "RADLEX",
            "m_propertyQualifiers": []
         },
         "m_target": {
            "m_propertyCode": "81827009",
            "m_propertyCodingSystem": "SCT",
            "m_propertyDescription": "Diameter",
            "m_propertyQualifiers": [
               {
                  "m_concept": {
                     "m_code": "121401",
                     "m_codingSystem": "DCM",
                     "m_codeDescription": "Derivation"
                  },
                  "m_value": {
                     "m_code": "373098007",
                     "m_codingSystem": "SCT",
                     "m_codeDescription": "Mean"
                  }
               },
               {
                  "m_concept": {
                     "m_code": "255590007",
                     "m_codingSystem": "SCT",
                     "m_codeDescription": "Extent"
                  },
                  "m_value": {
                     "m_code": "255619001",
                     "m_codingSystem": "SCT",
                     "m_codeDescription": "Total"
                  }
               }
            ]
         }
      },
      {
         "m_source": {
            "_comment": "Solid Component Diameter",
            "m_propertyCode": "99003",
            "m_propertyCodingSystem": "99RMGSR",
            "m_propertyQualifiers": []
         },
         "m_target": {
            "m_propertyCode": "81827009",
            "m_propertyCodingSystem": "SCT",
            "m_propertyDescription": "Diameter",
            "m_propertyQualifiers": [
               {
                  "m_concept": {
                     "m_code": "121401",
                     "m_codingSystem": "DCM",
                     "m_codeDescription": "Derivation"
                  },
                  "m_value": {
                     "m_code": "373098007",
                     "m_codingSystem": "SCT",
                     "m_codeDescription": "Mean"
                  }
               },
               {
                  "m_concept": {
                     "m_code": "255590007",
                     "m_codingSystem": "SCT",
                     "m_codeDescription": "Extent"
                  },
                  "m_value": {
                     "m_code": "RID50154",
                     "m_codingSystem": "RADLEX",
                     "m_codeDescription": "Solid component of part-solid pulmonary nodule"
                  }
               }
            ]
         }
      },
      {
         "m_source": {
            "_comment": "Density (used to describe mean Hounsfield Unit)",
            "m_propertyCode": "RID39166",
            "m_propertyCodingSystem": "RADLEX",
            "m_propertyQualifiers": []
         },
         "m_target": {
            "m_propertyCode": "112181",
            "m_propertyCodingSystem": "DCM",
            "m_propertyDescription": "Mean Attenuation Coefficient",
            "m_propertyQualifiers": []
         }
      },
      {
         "m_source": {
            "_comment": "Algorithm Status",
            "m_propertyCode": "99011",
            "m_propertyCodingSystem": "99RMGSR",
            "m_valueCode": "99911",
            "m_valueCodingSystem": "99RMGSR",
            "m_propertyQualifiers": []
         },
         "m_target": {
            "m_propertyCode": "111065",
            "m_propertyCodingSystem": "DCM",
            "m_propertyDescription": "Summary of Analyses",
            "m_valueCode": "111242",
            "m_valueCodingSystem": "DCM",
            "m_valueDescription": "All algorithms succeeded; with findings",
            "m_propertyQualifiers": []
         }
      },
      {
         "m_source": {
            "_comment": "Finding=Nodule",
            "m_propertyCode": "121071",
            "m_propertyCodingSystem": "DCM",
            "m_valueCode": "27925004",
            "m_valueCodingSystem": "SCT",
            "m_propertyQualifiers": []
         },
         "m_target": {
            "m_propertyCode": "121071",
            "m_propertyCodingSystem": "DCM",
            "m_propertyDescription": "Finding",
            "m_valueCode": "52988006",
            "m_valueCodingSystem": "SCT",
            "m_valueDescription": "Lesion",
            "m_propertyQualifiers": []
         }
      },
      {
         "m_source": {
            "_comment": "Finding=bad code for lesion",
            "m_propertyCode": "121071",
            "m_propertyCodingSystem": "DCM",
            "m_valueCode": "5298800",
            "m_valueCodingSystem": "SCT",
            "m_propertyQualifiers": []
         },
         "m_target": {
            "m_propertyCode": "121071",
            "m_propertyCodingSystem": "DCM",
            "m_propertyDescription": "Finding",
            "m_valueCode": "52988006",
            "m_valueCodingSystem": "SCT",
            "m_valueDescription": "Lesion",
            "m_propertyQualifiers": []
         }
      },
      {
         "m_source": {
            "_comment": "attenuation=solid",
            "m_propertyCode": "RID6037",
            "m_propertyCodingSystem": "RADLEX",
            "m_valueCode": "RID5741",
            "m_valueCodingSystem": "RADLEX",
            "m_propertyQualifiers": []
         },
         "m_target": {
            "m_propertyCode": "27925004",
            "m_propertyCodingSystem": "SCT",
            "m_propertyDescription": "Nodule",
            "m_valueCode": "RID50151",
            "m_valueCodingSystem": "RADLEX",
            "m_valueDescription": "Solid pulmonary nodule",
            "m_propertyQualifiers": []
         }
      },
      {
         "m_source": {
            "_comment": "attenuation=non-solid",
            "m_propertyCode": "RID6037",
            "m_propertyCodingSystem": "RADLEX",
            "m_valueCode": "RID46016",
            "m_valueCodingSystem": "RADLEX",
            "m_propertyQualifiers": []
         },
         "m_target": {
            "m_propertyCode": "27925004",
            "m_propertyCodingSystem": "SCT",
            "m_propertyDescription": "Nodule",
            "m_valueCode": "RID50153",
            "m_valueCodingSystem": "RADLEX",
            "m_valueDescription": "Non-solid pulmonary nodule",
            "m_propertyQualifiers": []
         }
      },
      {
         "m_source": {
            "_comment": "attenuation=part-solid",
            "m_propertyCode": "RID6037",
            "m_propertyCodingSystem": "RADLEX",
            "m_valueCode": "RID46011",
            "m_valueCodingSystem": "RADLEX",
            "m_propertyQualifiers": []
         },
         "m_target": {
            "m_propertyCode": "27925004",
            "m_propertyCodingSystem": "SCT",
            "m_propertyDescription": "Nodule",
            "m_valueCode": "RID50152",
            "m_valueCodingSystem": "RADLEX",
            "m_valueDescription": "Part-solid pulmonary nodule",
            "m_propertyQualifiers": []
         }
      },
      {
         "m_source": {
            "_comment": "Volume Doubling Time",
            "m_propertyCode": "99004",
            "m_propertyCodingSystem": "99RMGSR",
            "m_propertyQualifiers": []
         },
         "m_target": {
            "m_propertyCode": "99004",
            "m_propertyCodingSystem": "99RMGSR",
            "m_propertyDescription": "Volume Doubling Time",
            "m_propertyQualifiers": [
               {
                  "m_concept": {
                     "m_code": "121401",
                     "m_codingSystem": "DCM",
                     "m_codeDescription": "Derivation"
                  },
                  "m_value": {
                     "m_code": "373098007",
                     "m_codingSystem": "SCT",
                     "m_codeDescription": "Mean"
                  }
               },
               {
                  "m_concept": {
                     "m_code": "255590007",
                     "m_codingSystem": "SCT",
                     "m_codeDescription": "Extent"
                  },
                  "m_dateTimeValue": "19980425"
               }
            ]
         }
      },
      {
         "m_source": {
            "_comment1": "======== NEW RIVERAIN SOFTWARE VERSION. 2022 =========",
            "_comment": "Finding Site=Upper lobe of lung",
            "m_propertyCode": "363698007",
            "m_propertyCodingSystem": "SCT",
            "m_valueCode": "45653009",
            "m_valueCodingSystem": "SCT",
            "m_propertyQualifiers": []
         },
         "m_target": {
            "m_propertyCode": "363698007",
            "m_propertyCodingSystem": "SCT",
            "m_propertyDescription": "Finding site",
            "m_valueCode": "39607008",
            "m_valueCodingSystem": "SCT",
            "m_valueDescription": "Lung structure",
            "m_propertyQualifiers": [
               {
                  "m_concept": {
                     "m_code": "106233006",
                     "m_codingSystem": "SCT",
                     "m_codeDescription": "Topographical modifier"
                  },
                  "m_value": {
                     "m_code": "45653009",
                     "m_codingSystem": "SCT",
                     "m_codeDescription": "Upper lobe of lung"
                  }
               }
            ]
         }
      },
      {
         "m_source": {
            "_comment": "Finding Site=Lower lobe of lung",
            "m_propertyCode": "363698007",
            "m_propertyCodingSystem": "SCT",
            "m_valueCode": "90572001",
            "m_valueCodingSystem": "SCT",
            "m_propertyQualifiers": []
         },
         "m_target": {
            "m_propertyCode": "363698007",
            "m_propertyCodingSystem": "SCT",
            "m_propertyDescription": "Finding site",
            "m_valueCode": "39607008",
            "m_valueCodingSystem": "SCT",
            "m_valueDescription": "Lung structure",
            "m_propertyQualifiers": [
               {
                  "m_concept": {
                     "m_code": "106233006",
                     "m_codingSystem": "SCT",
                     "m_codeDescription": "Topographical modifier"
                  },
                  "m_value": {
                     "m_code": "90572001",
                     "m_codingSystem": "SCT",
                     "m_codeDescription": "Lower lobe of lung"
                  }
               }
            ]
         }
      },

      {
         "m_source": {
            "_comment": "Finding Site=Middle lobe of right lung",
            "m_propertyCode": "363698007",
            "m_propertyCodingSystem": "SCT",
            "m_valueCode": "72481006",
            "m_valueCodingSystem": "SCT",
            "m_propertyQualifiers": []
         },
         "m_target": {
            "m_propertyCode": "363698007",
            "m_propertyCodingSystem": "SCT",
            "m_propertyDescription": "Finding site",
            "m_valueCode": "39607008",
            "m_valueCodingSystem": "SCT",
            "m_valueDescription": "Lung structure",
            "m_propertyQualifiers": [
               {
                  "m_concept": {
                     "m_code": "106233006",
                     "m_codingSystem": "SCT",
                     "m_codeDescription": "Topographical modifier"
                  },
                  "m_value": {
                     "m_code": "72481006",
                     "m_codingSystem": "SCT",
                     "m_codeDescription": "Middle lobe of right lung"
                  }
               }
            ]
         }
      },
      {
         "m_source": {
            "_comment": "density (used to describe mean Hounsfield Unit)",
            "m_propertyCode": "R3ER",
            "m_propertyCodingSystem": "IBSI",
            "m_valueCode": "HU",
            "m_valueCodingSystem": "UCUM",
            "m_propertyQualifiers": []
         },
         "m_target": {
            "m_propertyCode": "112181",
            "m_propertyCodingSystem": "DCM",
            "m_propertyDescription": "Mean Attenuation Coefficient",
            "m_valueCode": "hnsf'U",
            "m_valueCodingSystem": "UCUM",
            "m_valueDescription": "Hounsfield Unit",
            "m_propertyQualifiers": []
         }
      },
      {
         "m_source": {
            "_comment": "Findings Summary",
            "m_propertyCode": "111017",
            "m_propertyCodingSystem": "DCM",
            "m_valueCode": "111242",
            "m_valueCodingSystem": "DCM",
            "m_propertyQualifiers": []
         },
         "m_target": {
            "m_propertyCode": "111065",
            "m_propertyCodingSystem": "DCM",
            "m_propertyDescription": "Summary of Analyses",
            "m_valueCode": "111242",
            "m_valueCodingSystem": "DCM",
            "m_valueDescription": "All algorithms succeeded; with findings",
            "m_propertyQualifiers": []
         }
      },
      {
         "m_source": {
            "_comment": "Single Image Finding Modifier. Attenuation characteristic: solid",
            "m_propertyCode": "112024",
            "m_propertyCodingSystem": "DCM",
            "m_valueCode": "99915",
            "m_valueCodingSystem": "99RMGSR",
            "m_propertyQualifiers": []
         },
         "m_target": {
            "m_propertyCode": "27925004",
            "m_propertyCodingSystem": "SCT",
            "m_propertyDescription": "Nodule",
            "m_valueCode": "RID50151",
            "m_valueCodingSystem": "RADLEX",
            "m_valueDescription": "Solid pulmonary nodule",
            "m_propertyQualifiers": []
         }
      },
      {
         "m_source": {
            "_comment": "Single Image Finding Modifier. Attenuation characteristic: non-solid",
            "m_propertyCode": "112024",
            "m_propertyCodingSystem": "DCM",
            "m_valueCode": "99916",
            "m_valueCodingSystem": "99RMGSR",
            "m_propertyQualifiers": []
         },
         "m_target": {
            "m_propertyCode": "27925004",
            "m_propertyCodingSystem": "SCT",
            "m_propertyDescription": "Nodule",
            "m_valueCode": "RID50153",
            "m_valueCodingSystem": "RADLEX",
            "m_valueDescription": "Non-solid pulmonary nodule",
            "m_propertyQualifiers": []
         }
      },
      {
         "m_source": {
            "_comment": "Single Image Finding Modifier. Attenuation characteristic: part-solid",
            "m_propertyCode": "112024",
            "m_propertyCodingSystem": "DCM",
            "m_valueCode": "99917",
            "m_valueCodingSystem": "99RMGSR",
            "m_propertyQualifiers": []
         },
         "m_target": {
            "m_propertyCode": "27925004",
            "m_propertyCodingSystem": "SCT",
            "m_propertyDescription": "Nodule",
            "m_valueCode": "RID50152",
            "m_valueCodingSystem": "RADLEX",
            "m_valueDescription": "Part-solid pulmonary nodule",
            "m_propertyQualifiers": []
         }
      }
   ]
}
