{
  "m_iSAMStudies": [
    {
      "m_iSAMImages": [
        {
          "m_graphics": [
            {
              "m_graphicsData": {
                "m_type": "POLYLINE",
                "m_dataArray": [
                  85.0,
                  283.0,
                  136.0,
                  360.0
                ]
              },
              "m_identifier": "2.16.840.1.113669.2013.1.2.637384611405212292.46",
              "m_code": "81827009",
              "m_codingSystem": "SCT",
              "m_codeDescription": "Diameter",
              "m_roiMeasurementGroupId": "1501^352fa7e8-d040-47a2-84d0-5f90d2f44495",
              "m_observationUID": "647085ae-7c4c-4be8-8f31-923acb8c2178",
              "m_parentObservationUID": "d0b9acc7-3c1e-49fe-8d87-4eaac15110cf"
            },
            {
              "m_graphicsData": {
                "m_type": "POLYLINE",
                "m_dataArray": [
                  50.0,
                  300.0,
                  171.0,
                  343.0
                ]
              },
              "m_identifier": "2.16.840.1.113669.2013.1.2.637384611405212292.46",
              "m_code": "81827009",
              "m_codingSystem": "SCT",
              "m_codeDescription": "Diameter",
              "m_roiMeasurementGroupId": "1501^352fa7e8-d040-47a2-84d0-5f90d2f44495",
              "m_observationUID": "05fdf889-eb9c-412f-a051-9864fb949c83",
              "m_parentObservationUID": "b6293f61-82f9-4c74-a990-0dd42d1039c0"
            }
          ],
          "m_imageIdentifier": "1.3.6.1.4.1.14519.5.2.1.3344.4008.249890716667283774676052119960",
          "m_imageQualifiers": [],
          "m_keyImageForLesionGuids": [
            "2.16.840.1.113669.2013.1.2.637384611405212292.46"
          ]
        }
      ],
      "m_imageLibraryGroups": [],
      "m_iSAMBodyParts": [
        {
          "m_properties": [
            {
              "m_propertyCode": "112039",
              "m_propertyCodingSystem": "DCM",
              "m_propertyDescription": "Tracking Identifier",
              "m_propertyQualifiers": [],
              "m_stringValue": "Liver"
            },
            {
              "m_propertyCode": "121071",
              "m_propertyCodingSystem": "DCM",
              "m_propertyDescription": "Finding",
              "m_propertyQualifiers": [],
              "m_valueCode": "10200004",
              "m_valueCodingSystem": "SCT",
              "m_valueDescription": "Liver",
              "m_roiMeasurementGroupId": "",
              "m_observationUID": "e312278f-c969-4f10-8591-79253de8aee4"
            },
            {
              "m_propertyCode": "363698007",
              "m_propertyCodingSystem": "SCT",
              "m_propertyDescription": "Finding site",
              "m_propertyQualifiers": [],
              "m_valueCode": "10200004",
              "m_valueCodingSystem": "SCT",
              "m_valueDescription": "Liver structure",
              "m_roiMeasurementGroupId": "1501^bfeaa69e-95e6-4b02-9c7b-502481d982b5",
              "m_observationUID": "c69d0998-1265-409d-98ba-6cd0c5a51be6"
            }
          ],
          "m_identifier": "2.16.840.1.113669.2013.1.2.637384611405212292.5"
        }
      ],
      "m_iSAMLesions": [
        {
          "m_properties": [
            {
              "m_propertyCode": "112039",
              "m_propertyCodingSystem": "DCM",
              "m_propertyDescription": "Tracking Identifier",
              "m_propertyQualifiers": [],
              "m_stringValue": "1"
            },
            {
              "m_propertyCode": "121071",
              "m_propertyCodingSystem": "DCM",
              "m_propertyDescription": "Finding",
              "m_propertyQualifiers": [],
              "m_valueCode": "52988006",
              "m_valueCodingSystem": "SCT",
              "m_valueDescription": "Lesion",
              "m_roiMeasurementGroupId": "",
              "m_observationUID": "da03b281-fdea-413d-ae7d-df3f0032050d"
            },
            {
              "m_propertyCode": "363698007",
              "m_propertyCodingSystem": "SCT",
              "m_propertyDescription": "Finding site",
              "m_propertyQualifiers": [
                {
                  "m_concept": {
                    "m_code": "106233006",
                    "m_codingSystem": "SCT",
                    "m_codeDescription": "Topographical modifier"
                  },
                  "m_value": {
                    "m_code": "RID13115",
                    "m_codingSystem": "RADLEX",
                    "m_codeDescription": "Hepatovenous Segment IV"
                  }
                }
              ],
              "m_valueCode": "10200004",
              "m_valueCodingSystem": "SCT",
              "m_valueDescription": "Liver structure",
              "m_roiMeasurementGroupId": "1501^352fa7e8-d040-47a2-84d0-5f90d2f44495",
              "m_observationUID": "c9fc7d5a-9153-4558-9907-1a5bbd746a6c"
            },
            {
              "m_propertyCode": "118565006",
              "m_propertyCodingSystem": "SCT",
              "m_propertyDescription": "118565006",
              "m_propertyQualifiers": [],
              "m_quantityValue": 1174.90262252092,
              "m_unitCode": "mL",
              "m_unitCodingSystem": "UCUM",
              "m_unitDescription": "Milliliter",
              "m_roiMeasurementGroupId": "1501^352fa7e8-d040-47a2-84d0-5f90d2f44495",
              "m_observationUID": "fdb71c8e-6168-4ded-9ad0-518f8ab58eb6"
            },
            {
              "m_propertyCode": "RID34785",
              "m_propertyCodingSystem": "RADLEX",
              "m_propertyDescription": "RID34785",
              "m_confidenceValue": "65%",
              "m_propertyQualifiers": [],
              "m_valueCode": "RID4271",
              "m_valueCodingSystem": "RADLEX",
              "m_valueDescription": "HCC"
            },
            {
              "m_propertyCode": "103339001",
              "m_propertyCodingSystem": "SCT",
              "m_propertyDescription": "103339001",
              "m_propertyQualifiers": [],
              "m_quantityValue": 13.1333074737478,
              "m_unitCode": "cm",
              "m_unitCodingSystem": "UCUM",
              "m_unitDescription": "Centimeter",
              "m_roiMeasurementGroupId": "1501^352fa7e8-d040-47a2-84d0-5f90d2f44495",
              "m_observationUID": "d0b9acc7-3c1e-49fe-8d87-4eaac15110cf"
            },
            {
              "m_propertyCode": "103340004",
              "m_propertyCodingSystem": "SCT",
              "m_propertyDescription": "103340004",
              "m_propertyQualifiers": [],
              "m_quantityValue": 2.69805529965566,
              "m_unitCode": "cm",
              "m_unitCodingSystem": "UCUM",
              "m_unitDescription": "Centimeter",
              "m_roiMeasurementGroupId": "1501^352fa7e8-d040-47a2-84d0-5f90d2f44495",
              "m_observationUID": "b6293f61-82f9-4c74-a990-0dd42d1039c0"
            },
            {
              "m_propertyCode": "131189007",
              "m_propertyCodingSystem": "SCT",
              "m_propertyDescription": "131189007",
              "m_propertyQualifiers": [],
              "m_quantityValue": 7.91568138670173,
              "m_unitCode": "cm",
              "m_unitCodingSystem": "UCUM",
              "m_unitDescription": "Centimeter",
              "m_roiMeasurementGroupId": "1501^352fa7e8-d040-47a2-84d0-5f90d2f44495",
              "m_observationUID": "75c3fb57-c14c-4c92-9134-cce5a684543d"
            }
          ],
          "m_identifier": "2.16.840.1.113669.2013.1.2.637384611405212292.46"
        }
      ],
      "m_studyIdentifier": "1.3.6.1.4.1.14519.5.2.1.3344.4008.158425276417455187125782049563",
      "m_srSopInstanceUid": "2.16.840.1.113669.2013.1.2.637474512386658598.1",
      "m_seriesInstanceUid": "2.16.840.1.113669.2013.1.2.637474512386658598.2",
      "m_patientDOB": "20000101",
      "m_patientId": "PATIENTID001",
      "m_issuerOfPatientId": "UCSDHS01",
      "m_studyDate": "20181209",
      "m_studyTime": "154500",
      "m_seriesDate": "",
      "m_seriesTime": "",
      "m_studyDescription": "",
      "m_seriesDescription": "",
      "m_patientName": "LastName^FirstName",
      "m_patientSex": "M",
      "m_numberOfDicomSRSeries": 278,
      "m_dicomRtSeriesNumber": 0,
      "m_referringPhysiciansName": "LastName^FirstName",
      "m_studyId": "654321",
      "m_srSopClassUid": "1.2.840.10008.5.1.4.1.1.88.34",
      "m_accessionNumber": "123456789",
      "m_procedureReportedCode": "25045-6",
      "m_procedureReportedCodingSystem": "LN",
      "m_procedureReportedDescription": "CT unspecified body region",
      "m_manufacturer": "Merge Healthcare Inc.",
      "m_manufacturerModelName": "Merge Universal Viewer",
      "m_softwareVersions": "1.2.3",
      "m_deviceSerialNumber": "",
      "m_uniqueDeviceIdentifiers": [
        {
          "m_udi": "(01)98765432100000(10)1.0(11)202101",
          "m_deviceDescription": ""
        }
      ],
      "m_observerType": "121006_DCM_Person",
      "m_observerName": "Doe^Jane",
      "m_observerLoginName": "test",
      "m_languageCode": "eng_RFC5646_English",
      "m_referencedInstances": [],
      "m_predecessorDocuments": [],
      "m_performedProcedures": [],
      "m_referencedPerformedProcedureSteps": []
    }
  ]
}