<?xml version="1.0" encoding="utf-8" ?>


<factory>
    <map>
        <add key="Python.Core.UserInfo" assembly="Python.Application.Core.dll" class="Python.Core.User.Info.UserInfo">
        </add>
        <add key="Python.Core.SecuritySessionUser" assembly="Python.Platform.Core.dll" class="Python.Core.Security.Session.SecuritySessionUser">
        </add>
        <add key="OpenContent.Data.XdsConsumerAdapter" assembly="OpenContent.Platform.Data.dll" class="OpenContent.Data.Xds.Consumer.XdsConsumerAdapter">
            <parameter name="configurationFile" class="string" value="Config\Xds\XdsConfiguration.xml" />
        </add>
    </map>
</factory>
