[
  {
    "ml": {
      "_cv": "mL",
      "_csd": "UCUM",
      "_cm": "milliliter"
    }
  },
  {
    "cm": {
      "_cv": "cm",
      "_csd": "UCUM",
      "_cm": "centimeter"
    }
  },
  {
    "mm": {
      "_cv": "mm",
      "_csd": "UCUM",
      "_cm": "millimeter"
    }
  },
  {
    "HU": {
      "_cv": "hnsf'U",
      "_csd": "UCUM",
      "_cm": "Hounsfield Unit"
    }
  },
  {
    "LiverStructure": {
      "_cv": "10200004",
      "_csd": "SCT",
      "_cm": "Liver structure (body structure)"
    }
  },
  {
    "LongAxis": {
      "_cv": "103339001",
      "_csd": "SCT",
      "_cm": "Long Axis",
      "_rel": [
        "CONTAINS"
      ],
      "_vt": [
        "NUM"
      ]
    }
  },
  {
    "ShortAxis": {
      "_cv": "103340004",
      "_csd": "SCT",
      "_cm": "Short axis",
      "_rel": [
        "CONTAINS"
      ],
      "_vt": [
        "NUM"
      ]
    }
  },
  {
    "PerpendicularAxis": {
      "_cv": "131189007",
      "_csd": "SCT",
      "_cm": "Perpendicular axis",
      "_rel": [
        "CONTAINS"
      ],
      "_vt": [
        "NUM"
      ]
    }
  },
  {
    "Lesion": {
      "_cv": "52988006",
      "_csd": "SCT",
      "_cm": "Lesion (morphologic abnormality)"
    }
  },
  {
    "LikelyBenign": {
      "_cv": "RID36038",
      "_csd": "RADLEX",
      "_cm": "Typically benign"
    }
  },
  {
    "Indeterminate": {
      "_cv": "RID49484",
      "_csd": "RADLEX",
      "_cm": "F0: indeterminate"
    }
  },
  {
    "OtherBenign": {
      "_cv": "RID36008",
      "_csd": "RADLEX",
      "_cm": "Other benign"
    }
  },
  {
    "Volume": {
      "_cv": "118565006",
      "_csd": "SCT",
      "_cm": "Volume",
      "_rel": [
        "CONTAINS"
      ],
      "_vt": [
        "NUM"
      ]
    }
  },
  {
    "Length": {
      "_cv": "410668003",
      "_csd": "SCT",
      "_cm": "Length",
      "_vt": [
        "NUM"
      ],
      "_rel": [
        "CONTAINS"
      ]
    }
  },
  {
    "CalvAiPrivate": {
      "_cv": "WHI10020",
      "_csd": "WATSON_HEALTH_IMG",
      "_cm": "CA liver 2.0 AI private",
      "_vt": [
        "TEXT"
      ],
      "_rel": [
        "CONTAINS"
      ]
    }
  },
  {
    "ImagingMeasurementReport": {
      "_cv": "126000",
      "_csd": "DCM",
      "_cm": "Imaging Measurement Report",
      "_rel": [
        ""
      ],
      "_vt": [
        "CONTAINER"
      ]
    }
  },
  {
    "LanguageOfContentItemAndDescendants": {
      "_cv": "121049",
      "_csd": "DCM",
      "_cm": "Language of Content Item and Descendants",
      "_rel": [
        "HAS CONCEPT MOD"
      ],
      "_vt": [
        "CODE"
      ]
    }
  },
  {
    "English": {
      "_cv": "eng",
      "_csd": "RFC5646",
      "_cm": "English"
    }
  },
  {
    "PersonObserverName": {
      "_cv": "121008",
      "_csd": "DCM",
      "_cm": "Person Observer Name",
      "_rel": [
        "HAS OBS CONTEXT"
      ],
      "_vt": [
        "PNAME"
      ]
    }
  },
  {
    "PersonObserversLoginName": {
      "_cv": "128774",
      "_csd": "DCM",
      "_cm": "Person Observer's Login Name",
      "_rel": [
        "HAS OBS CONTEXT"
      ],
      "_vt": [
        "TEXT"
      ]
    }
  },
  {
    "ProcedureReported": {
      "_cv": "121058",
      "_csd": "DCM",
      "_cm": "Procedure reported",
      "_rel": [
        "HAS CONCEPT MOD"
      ],
      "_vt": [
        "CODE"
      ]
    }
  },
  {
    "ImagingProcedure": {
      "_cv": "363679005",
      "_csd": "SCT",
      "_cm": "Imaging Procedure"
    }
  },
  {
    "ImageLibrary": {
      "_cv": "111028",
      "_csd": "DCM",
      "_cm": "Image Library",
      "_rel": [
        "CONTAINS"
      ],
      "_vt": [
        "CONTAINER"
      ]
    }
  },
  {
    "ImageLibraryGroup": {
      "_cv": "126200",
      "_csd": "DCM",
      "_cm": "Image Library Group",
      "_rel": [
        "CONTAINS"
      ],
      "_vt": [
        "CONTAINER"
      ]
    }
  },
  {
    "ImagingMeasurements": {
      "_cv": "126010",
      "_csd": "DCM",
      "_cm": "Imaging Measurements",
      "_rel": [
        "CONTAINS"
      ],
      "_vt": [
        "CONTAINER"
      ]
    }
  },
  {
    "MeasurementGroup": {
      "_cv": "125007",
      "_csd": "DCM",
      "_cm": "Measurement Group",
      "_rel": [
        "CONTAINS"
      ],
      "_vt": [
        "CONTAINER"
      ]
    }
  },
  {
    "TrackingIdentifier": {
      "_cv": "112039",
      "_csd": "DCM",
      "_cm": "Tracking Identifier",
      "_rel": [
        "HAS OBS CONTEXT"
      ],
      "_vt": [
        "TEXT"
      ]
    }
  },
  {
    "TrackingUniqueIdentifier": {
      "_cv": "112040",
      "_csd": "DCM",
      "_cm": "Tracking Unique Identifier",
      "_rel": [
        "HAS OBS CONTEXT"
      ],
      "_vt": [
        "UIDREF"
      ]
    }
  },
  {
    "Finding": {
      "_cv": "121071",
      "_csd": "DCM",
      "_cm": "Finding",
      "_rel": [
        "CONTAINS"
      ],
      "_vt": [
        "CODE"
      ]
    }
  },
  {
    "Lesion": {
      "_cv": "52988006",
      "_csd": "SCT",
      "_cm": "Lesion"
    }
  },
  {
    "ImageRegion": {
      "_cv": "111030",
      "_csd": "DCM",
      "_cm": "Image Region",
      "_rel": [
        "CONTAINS",
        "INFERRED FROM"
      ],
      "_vt": [
        "SCOORD"
      ]
    }
  },
  {
    "Volume": {
      "_cv": "118565006",
      "_csd": "SCT",
      "_cm": "Volume",
      "_rel": [
        "CONTAINS"
      ],
      "_vt": [
        "NUM"
      ]
    }
  },
  {
    "Milliliter": {
      "_cv": "mL",
      "_csd": "UCUM",
      "_cm": "Milliliter"
    }
  },
  {
    "EnhancementPhase": {
      "_cv": "RID11079",
      "_csd": "RADLEX",
      "_cm": "enhancement phase",
      "_rel": [
        "HAS CONCEPT MOD",
        "CONTAINS"
      ],
      "_vt": [
        "CODE",
        "TEXT"
      ]
    }
  },
  {
    "PortalVenousPhase": {
      "_cv": "RID11085",
      "_csd": "RADLEX",
      "_cm": "portal venous phase"
    }
  },
  {
    "ArterialPhase": {
      "_cv": "RID39433",
      "_csd": "RADLEX",
      "_cm": "Arterial Phase"
    }
  },
  {
    "MeanAttenuationCoefficient": {
      "_cv": "112181",
      "_csd": "DCM",
      "_cm": "Mean Attenuation Coefficient",
      "_rel": [
        "CONTAINS"
      ],
      "_vt": [
        "NUM"
      ]
    }
  },
  {
    "HounsfieldUnit": {
      "_cv": "hnsf'U",
      "_csd": "UCUM",
      "_cm": "Hounsfield Unit"
    }
  },
  {
    "UnenhancedPhase": {
      "_cv": "RID11086",
      "_csd": "RADLEX",
      "_cm": "Unenhanced phase"
    }
  },
  {
    "StandardDeviationOfAttenuationCoefficient": {
      "_cv": "112183",
      "_csd": "DCM",
      "_cm": "Standard Deviation of Attenuation Coefficient",
      "_rel": [
        "CONTAINS"
      ],
      "_vt": [
        "NUM"
      ]
    }
  },
  {
    "DelayedPhase": {
      "_cv": "RID39437",
      "_csd": "RADLEX",
      "_cm": "Delayed phase"
    }
  },
  {
    "FindingSite": {
      "_cv": "363698007",
      "_csd": "SCT",
      "_cm": "Finding site",
      "_rel": [
        "HAS CONCEPT MOD"
      ],
      "_vt": [
        "CODE"
      ]
    }
  },
  {
    "LiverStructure": {
      "_cv": "10200004",
      "_csd": "SCT",
      "_cm": "Liver structure"
    }
  },
  {
    "CertaintyOfFinding": {
      "_cv": "111012",
      "_csd": "DCM",
      "_cm": "Certainty of Finding",
      "_rel": [
        "CONTAINS"
      ],
      "_vt": [
        "NUM"
      ]
    }
  },
  {
    "Percent": {
      "_cv": "%",
      "_csd": "UCUM",
      "_cm": "Percent"
    }
  },
  {
    "ClinicalFinding": {
      "_cv": "RID34785",
      "_csd": "RADLEX",
      "_cm": "Clinical finding",
      "_rel": [
        "HAS CONCEPT MOD"
      ],
      "_vt": [
        "CODE"
      ]
    }
  },
  {
    "HepatocellularCarcinoma": {
      "_cv": "RID4271",
      "_csd": "RADLEX",
      "_cm": "Hepatocellular carcinoma"
    }
  },
  {
    "Type": {
      "_cv": "410656007",
      "_csd": "SCT",
      "_cm": "Type",
      "_rel": [
        "HAS CONCEPT MOD"
      ],
      "_vt": [
        "CODE"
      ]
    }
  },
  {
    "Principal": {
      "_cv": "63161005",
      "_csd": "SCT",
      "_cm": "Principal"
    }
  },
  {
    "AggressivenessDescriptor": {
      "_cv": "RID5675",
      "_csd": "RADLEX",
      "_cm": "Aggressiveness descriptor",
      "_rel": [
        "HAS CONCEPT MOD"
      ],
      "_vt": [
        "CODE"
      ]
    }
  },
  {
    "Suspicious": {
      "_cv": "RID39314",
      "_csd": "RADLEX",
      "_cm": "Suspicious"
    }
  },
  {
    "OtherMalignant": {
      "_cv": "RID39470",
      "_csd": "RADLEX",
      "_cm": "Other Malignant"
    }
  },
  {
    "Other": {
      "_cv": "74964007",
      "_csd": "SCT",
      "_cm": "Other"
    }
  },
  {
    "Hemangioma": {
      "_cv": "RID3969",
      "_csd": "RADLEX",
      "_cm": "Hemangioma"
    }
  },
  {
    "TypicallyBenign": {
      "_cv": "RID36038",
      "_csd": "RADLEX",
      "_cm": "Typically benign"
    }
  },
  {
    "LongAxis": {
      "_cv": "103339001",
      "_csd": "SCT",
      "_cm": "Long axis",
      "_rel": [
        "CONTAINS"
      ],
      "_vt": [
        "NUM"
      ]
    }
  },
  {
    "Centimeter": {
      "_cv": "cm",
      "_csd": "UCUM",
      "_cm": "Centimeter"
    }
  },
  {
    "ShortAxis": {
      "_cv": "103340004",
      "_csd": "SCT",
      "_cm": "Short axis",
      "_rel": [
        "CONTAINS"
      ],
      "_vt": [
        "NUM"
      ]
    }
  },
  {
    "Phase": {
      "_cv": "RID28698",
      "_csd": "RADLEX",
      "_cm": "Phase",
      "_rel": [
        "CONTAINS"
      ],
      "_vt": [
        "TEXT"
      ]
    }
  },
  {
    "TopographicalModifier": {
      "_cv": "106233006",
      "_csd": "SCT",
      "_cm": "Topographical modifier",
      "_rel": [
        "HAS CONCEPT MOD"
      ],
      "_vt": [
        "CODE"
      ]
    }
  },
  {
    "HepatovenousSegmentII": {
      "_cv": "RID62",
      "_csd": "RADLEX",
      "_cm": "Hepatovenous Segment II"
    }
  },
  {
    "Metastasis": {
      "_cv": "RID5231",
      "_csd": "RADLEX",
      "_cm": "Metastasis"
    }
  },
  {
    "HCC": {
      "_cv": "RID4271",
      "_csd": "RADLEX",
      "_cm": "HCC"
    }
  },
  {
    "OtherBenign": {
      "_cv": "RID36008",
      "_csd": "RADLEX",
      "_cm": "Other benign"
    }
  },
  {
    "PerpendicularAxis": {
      "_cv": "131189007",
      "_csd": "SCT",
      "_cm": "Perpendicular axis",
      "_rel": [
        "CONTAINS"
      ],
      "_vt": [
        "NUM"
      ]
    }
  },
  {
    "EnhancementPattern": {
      "_cv": "RID6058",
      "_csd": "RADLEX",
      "_cm": "Enhancement Pattern",
      "_rel": [
        "CONTAINS"
      ],
      "_vt": [
        "CODE"
      ]
    }
  },
  {
    "Isoenhancing": {
      "_cv": "RID6057",
      "_csd": "RADLEX",
      "_cm": "Isoenhancing"
    }
  },
  {
    "Hyperenhancement": {
      "_cv": "RID39095",
      "_csd": "RADLEX",
      "_cm": "Hyperenhancement"
    }
  },
  {
    "Hypoenhancement": {
      "_cv": "RID39126",
      "_csd": "RADLEX",
      "_cm": "Hypoenhancement"
    }
  },
  {
    "DelayedPhaseLiver": {
      "_cv": "RID39437",
      "_csd": "RADLEX",
      "_cm": "Delayed Phase (Liver)"
    }
  },
  {
    "HepatovenousSegmentIII": {
      "_cv": "RID63",
      "_csd": "RADLEX",
      "_cm": "hepatovenous segment III"
    }
  },
  {
    "CaudateLobeOfLever": {
      "_cv": "RID77",
      "_csd": "RADLEX",
      "_cm": "Caudate lobe of lever"
    }
  },
  {
    "WashoutAppearance": {
      "_cv": "RID39486",
      "_csd": "RADLEX",
      "_cm": "washout appearance"
    }
  },
  {
    "Retraction": {
      "_cv": "RID46033",
      "_csd": "RADLEX",
      "_cm": "retraction"
    }
  },
  {
    "LesionCharacteristic": {
      "_cv": "RID43356",
      "_csd": "RADLEX",
      "_cm": "lesion characteristic",
      "_rel": [
        "HAS CONCEPT MOD"
      ],
      "_vt": [
        "CODE"
      ]
    }
  },
  {
    "LesionRimOrCapsule": {
      "_cv": "RID43360",
      "_csd": "RADLEX",
      "_cm": "lesion rim or capsule"
    }
  },
  {
    "LesionShape": {
      "_cv": "RID43364",
      "_csd": "RADLEX",
      "_cm": "lesion shape"
    }
  },
  {
    "PeripheralRetention": {
      "_cv": "RID43341",
      "_csd": "RADLEX",
      "_cm": "peripheral retention"
    }
  },
  {
    "ClinicalSignificanceDescriptor": {
      "_cv": "RID49483",
      "_csd": "RADLEX",
      "_cm": "clinical significance descriptor",
      "_rel": [
        "CONTAINS"
      ],
      "_vt": [
        "CODE"
      ]
    }
  },
  {
    "QualitativeEvaluations": {
      "_cv": "C0034375",
      "_csd": "UMLS",
      "_cm": "Qualitative Evaluations",
      "_rel": [
        "CONTAINS"
      ],
      "_vt": [
        "CONTAINER"
      ]
    }
  },
  {
    "RID4736": {
      "_cv": "RID4736",
      "_csd": "RADLEX",
      "_cm": "RID4736",
      "_rel": [
        "CONTAINS"
      ],
      "_vt": [
        "CODE"
      ]
    }
  },
  {
    "RID43354": {
      "_cv": "RID43354",
      "_csd": "RADLEX",
      "_cm": "RID43354",
      "_rel": [
        "CONTAINS"
      ],
      "_vt": [
        "CODE"
      ]
    }
  }

]