<?xml version="1.0" encoding="utf-8"?>
<!--
  This configuration file is intended for mapping the EnhancementPhase text with Phase code.
  If you get new mapping values, you should update this file.
  -->
 <root>
	<PhaseNames>
		<PhaseName name="Unenhanced">
			<PhaseCode>RID11086</PhaseCode>
			<PhaseCodingSystem>RADLEX</PhaseCodingSystem>
			<PhaseDescription>unenhanced phase</PhaseDescription>
		</PhaseName>
		<PhaseName name="PortalVenous">
			<PhaseCode>RID11085</PhaseCode>
			<PhaseCodingSystem>RADLEX</PhaseCodingSystem>
			<PhaseDescription>portal venous phase</PhaseDescription>
		</PhaseName>
		<PhaseName name="Arterial">
			<PhaseCode>RID39433</PhaseCode>
			<PhaseCodingSystem>RADLEX</PhaseCodingSystem>
			<PhaseDescription>arterial phase</PhaseDescription>
		</PhaseName>
		<PhaseName name="Delayed">
			<PhaseCode>RID39437</PhaseCode>
			<PhaseCodingSystem>RADLEX</PhaseCodingSystem>
			<PhaseDescription>delayed phase</PhaseDescription>
		</PhaseName>
	</PhaseNames>
</root>